car_id,aspiration,boreratio,carbody,carheight,carlength,carname,carwidth,citympg,compressionratio,curbweight,cylindernumber,doornumber,drivewheel,enginelocation,enginesize,enginetype,fuelsystem,fueltype,highwaympg,horsepower,peakrpm,price,stroke,symboling,wheelbase
1,std,3.4700000286102295,convertible,48.79999923706055,168.8000030517578,alfa-romero giulia,64.0999984741211,21.0,9.0,2548.0,four,two,rwd,front,130.0,dohc,mpfi,gas,27.0,111.0,5000,13495.0,2.680000066757202,3,88.5999984741211
2,std,3.4700000286102295,convertible,48.79999923706055,168.8000030517578,alfa-romero stelvio,64.0999984741211,21.0,9.0,2548.0,four,two,rwd,front,130.0,dohc,mpfi,gas,27.0,111.0,5000,16500.0,2.680000066757202,3,88.5999984741211
3,std,2.680000066757202,hatchback,52.400001525878906,171.1999969482422,alfa-romero Quadrifoglio,65.5,19.0,9.0,2823.0,six,two,rwd,front,152.0,ohcv,mpfi,gas,26.0,154.0,5000,16500.0,3.4700000286102295,1,94.5
4,std,3.190000057220459,sedan,54.29999923706055,176.60000610351562,audi 100 ls,66.19999694824219,24.0,10.0,2337.0,four,four,fwd,front,109.0,ohc,mpfi,gas,30.0,102.0,5500,13950.0,3.4000000953674316,2,99.80000305175781
5,std,3.190000057220459,sedan,54.29999923706055,176.60000610351562,audi 100ls,66.4000015258789,18.0,8.0,2824.0,five,four,4wd,front,136.0,ohc,mpfi,gas,22.0,115.0,5500,17450.0,3.4000000953674316,2,99.4000015258789
6,std,3.190000057220459,sedan,53.099998474121094,177.3000030517578,audi fox,66.30000305175781,19.0,8.5,2507.0,five,two,fwd,front,136.0,ohc,mpfi,gas,25.0,110.0,5500,15250.0,3.4000000953674316,2,99.80000305175781
7,std,3.190000057220459,sedan,55.70000076293945,192.6999969482422,audi 100ls,71.4000015258789,19.0,8.5,2844.0,five,four,fwd,front,136.0,ohc,mpfi,gas,25.0,110.0,5500,17710.0,3.4000000953674316,1,105.80000305175781
8,std,3.190000057220459,wagon,55.70000076293945,192.6999969482422,audi 5000,71.4000015258789,19.0,8.5,2954.0,five,four,fwd,front,136.0,ohc,mpfi,gas,25.0,110.0,5500,18920.0,3.4000000953674316,1,105.80000305175781
9,turbo,3.130000114440918,sedan,55.900001525878906,192.6999969482422,audi 4000,71.4000015258789,17.0,8.300000190734863,3086.0,five,four,fwd,front,131.0,ohc,mpfi,gas,20.0,140.0,5500,23875.0,3.4000000953674316,1,105.80000305175781
10,turbo,3.130000114440918,hatchback,52.0,178.1999969482422,audi 5000s (diesel),67.9000015258789,16.0,7.0,3053.0,five,two,4wd,front,131.0,ohc,mpfi,gas,22.0,160.0,5500,17859.16796875,3.4000000953674316,0,99.5
11,std,3.5,sedan,54.29999923706055,176.8000030517578,bmw 320i,64.80000305175781,23.0,8.800000190734863,2395.0,four,two,rwd,front,108.0,ohc,mpfi,gas,29.0,101.0,5800,16430.0,2.799999952316284,2,101.19999694824219
12,std,3.5,sedan,54.29999923706055,176.8000030517578,bmw 320i,64.80000305175781,23.0,8.800000190734863,2395.0,four,four,rwd,front,108.0,ohc,mpfi,gas,29.0,101.0,5800,16925.0,2.799999952316284,0,101.19999694824219
13,std,3.309999942779541,sedan,54.29999923706055,176.8000030517578,bmw x1,64.80000305175781,21.0,9.0,2710.0,six,two,rwd,front,164.0,ohc,mpfi,gas,28.0,121.0,4250,20970.0,3.190000057220459,0,101.19999694824219
14,std,3.309999942779541,sedan,54.29999923706055,176.8000030517578,bmw x3,64.80000305175781,21.0,9.0,2765.0,six,four,rwd,front,164.0,ohc,mpfi,gas,28.0,121.0,4250,21105.0,3.190000057220459,0,101.19999694824219
15,std,3.309999942779541,sedan,55.70000076293945,189.0,bmw z4,66.9000015258789,20.0,9.0,3055.0,six,four,rwd,front,164.0,ohc,mpfi,gas,25.0,121.0,4250,24565.0,3.190000057220459,1,103.5
16,std,3.619999885559082,sedan,55.70000076293945,189.0,bmw x4,66.9000015258789,16.0,8.0,3230.0,six,four,rwd,front,209.0,ohc,mpfi,gas,22.0,182.0,5400,30760.0,3.390000104904175,0,103.5
17,std,3.619999885559082,sedan,53.70000076293945,193.8000030517578,bmw x5,67.9000015258789,16.0,8.0,3380.0,six,two,rwd,front,209.0,ohc,mpfi,gas,22.0,182.0,5400,41315.0,3.390000104904175,0,103.5
18,std,3.619999885559082,sedan,56.29999923706055,197.0,bmw x3,70.9000015258789,15.0,8.0,3505.0,six,four,rwd,front,209.0,ohc,mpfi,gas,20.0,182.0,5400,36880.0,3.390000104904175,0,110.0
19,std,2.9100000858306885,hatchback,53.20000076293945,141.10000610351562,chevrolet impala,60.29999923706055,47.0,9.5,1488.0,three,two,fwd,front,61.0,l,2bbl,gas,53.0,48.0,5100,5151.0,3.0299999713897705,2,88.4000015258789
20,std,3.0299999713897705,hatchback,52.0,155.89999389648438,chevrolet monte carlo,63.599998474121094,38.0,9.600000381469727,1874.0,four,two,fwd,front,90.0,ohc,2bbl,gas,43.0,70.0,5400,6295.0,3.109999895095825,1,94.5
21,std,3.0299999713897705,sedan,52.0,158.8000030517578,chevrolet vega 2300,63.599998474121094,38.0,9.600000381469727,1909.0,four,four,fwd,front,90.0,ohc,2bbl,gas,43.0,70.0,5400,6575.0,3.109999895095825,0,94.5
22,std,2.9700000286102295,hatchback,50.79999923706055,157.3000030517578,dodge rampage,63.79999923706055,37.0,9.40999984741211,1876.0,four,two,fwd,front,90.0,ohc,2bbl,gas,41.0,68.0,5500,5572.0,3.2300000190734863,1,93.69999694824219
23,std,2.9700000286102295,hatchback,50.79999923706055,157.3000030517578,dodge challenger se,63.79999923706055,31.0,9.399999618530273,1876.0,four,two,fwd,front,90.0,ohc,2bbl,gas,38.0,68.0,5500,6377.0,3.2300000190734863,1,93.69999694824219
24,turbo,3.0299999713897705,hatchback,50.79999923706055,157.3000030517578,dodge d200,63.79999923706055,24.0,7.599999904632568,2128.0,four,two,fwd,front,98.0,ohc,mpfi,gas,30.0,102.0,5500,7957.0,3.390000104904175,1,93.69999694824219
25,std,2.9700000286102295,hatchback,50.599998474121094,157.3000030517578,dodge monaco (sw),63.79999923706055,31.0,9.399999618530273,1967.0,four,four,fwd,front,90.0,ohc,2bbl,gas,38.0,68.0,5500,6229.0,3.2300000190734863,1,93.69999694824219
26,std,2.9700000286102295,sedan,50.599998474121094,157.3000030517578,dodge colt hardtop,63.79999923706055,31.0,9.399999618530273,1989.0,four,four,fwd,front,90.0,ohc,2bbl,gas,38.0,68.0,5500,6692.0,3.2300000190734863,1,93.69999694824219
27,std,2.9700000286102295,sedan,50.599998474121094,157.3000030517578,dodge colt (sw),63.79999923706055,31.0,9.399999618530273,1989.0,four,four,fwd,front,90.0,ohc,2bbl,gas,38.0,68.0,5500,7609.0,3.2300000190734863,1,93.69999694824219
28,turbo,3.0299999713897705,sedan,50.599998474121094,157.3000030517578,dodge coronet custom,63.79999923706055,24.0,7.599999904632568,2191.0,four,two,fwd,front,98.0,ohc,mpfi,gas,30.0,102.0,5500,8558.0,3.390000104904175,1,93.69999694824219
29,std,3.3399999141693115,wagon,59.79999923706055,174.60000610351562,dodge dart custom,64.5999984741211,24.0,8.5,2535.0,four,four,fwd,front,122.0,ohc,2bbl,gas,30.0,88.0,5000,8921.0,3.4600000381469727,-1,103.30000305175781
30,turbo,3.5999999046325684,hatchback,50.20000076293945,173.1999969482422,dodge coronet custom (sw),66.30000305175781,19.0,7.0,2811.0,four,two,fwd,front,156.0,ohc,mfi,gas,24.0,145.0,5000,12964.0,3.9000000953674316,3,95.9000015258789
31,std,2.9100000858306885,hatchback,50.79999923706055,144.60000610351562,honda civic,63.900001525878906,49.0,9.600000381469727,1713.0,four,two,fwd,front,92.0,ohc,1bbl,gas,54.0,58.0,4800,6479.0,3.4100000858306885,2,86.5999984741211
32,std,2.9100000858306885,hatchback,50.79999923706055,144.60000610351562,honda civic cvcc,63.900001525878906,31.0,9.199999809265137,1819.0,four,two,fwd,front,92.0,ohc,1bbl,gas,38.0,76.0,6000,6855.0,3.4100000858306885,2,86.5999984741211
33,std,2.9100000858306885,hatchback,52.599998474121094,150.0,honda civic,64.0,38.0,10.100000381469727,1837.0,four,two,fwd,front,79.0,ohc,1bbl,gas,42.0,60.0,5500,5399.0,3.069999933242798,1,93.69999694824219
34,std,2.9100000858306885,hatchback,52.599998474121094,150.0,honda accord cvcc,64.0,30.0,9.199999809265137,1940.0,four,two,fwd,front,92.0,ohc,1bbl,gas,34.0,76.0,6000,6529.0,3.4100000858306885,1,93.69999694824219
35,std,2.9100000858306885,hatchback,52.599998474121094,150.0,honda civic cvcc,64.0,30.0,9.199999809265137,1956.0,four,two,fwd,front,92.0,ohc,1bbl,gas,34.0,76.0,6000,7129.0,3.4100000858306885,1,93.69999694824219
36,std,2.9100000858306885,sedan,54.5,163.39999389648438,honda accord lx,64.0,30.0,9.199999809265137,2010.0,four,four,fwd,front,92.0,ohc,1bbl,gas,34.0,76.0,6000,7295.0,3.4100000858306885,0,96.5
37,std,2.9200000762939453,wagon,58.29999923706055,157.10000610351562,honda civic 1500 gl,63.900001525878906,30.0,9.199999809265137,2024.0,four,four,fwd,front,92.0,ohc,1bbl,gas,34.0,76.0,6000,7295.0,3.4100000858306885,0,96.5
38,std,3.1500000953674316,hatchback,53.29999923706055,167.5,honda accord,65.19999694824219,27.0,9.0,2236.0,four,two,fwd,front,110.0,ohc,1bbl,gas,33.0,86.0,5800,7895.0,3.5799999237060547,0,96.5
39,std,3.1500000953674316,hatchback,53.29999923706055,167.5,honda civic 1300,65.19999694824219,27.0,9.0,2289.0,four,two,fwd,front,110.0,ohc,1bbl,gas,33.0,86.0,5800,9095.0,3.5799999237060547,0,96.5
40,std,3.1500000953674316,sedan,54.099998474121094,175.39999389648438,honda prelude,65.19999694824219,27.0,9.0,2304.0,four,four,fwd,front,110.0,ohc,1bbl,gas,33.0,86.0,5800,8845.0,3.5799999237060547,0,96.5
41,std,3.1500000953674316,sedan,54.099998474121094,175.39999389648438,honda accord,62.5,27.0,9.0,2372.0,four,four,fwd,front,110.0,ohc,1bbl,gas,33.0,86.0,5800,10295.0,3.5799999237060547,0,96.5
42,std,3.1500000953674316,sedan,54.099998474121094,175.39999389648438,honda civic,65.19999694824219,24.0,9.0,2465.0,four,four,fwd,front,110.0,ohc,mpfi,gas,28.0,101.0,5800,12945.0,3.5799999237060547,0,96.5
43,std,3.1500000953674316,sedan,51.0,169.10000610351562,honda civic (auto),66.0,25.0,9.100000381469727,2293.0,four,two,fwd,front,110.0,ohc,2bbl,gas,31.0,100.0,5500,10345.0,3.5799999237060547,1,96.5
44,std,3.309999942779541,sedan,53.5,170.6999969482422,isuzu MU-X,61.79999923706055,24.0,8.5,2337.0,four,four,rwd,front,111.0,ohc,2bbl,gas,29.0,78.0,4800,6785.0,3.2300000190734863,0,94.30000305175781
45,std,3.0299999713897705,sedan,52.0,155.89999389648438,isuzu D-Max ,63.599998474121094,38.0,9.600000381469727,1874.0,four,two,fwd,front,90.0,ohc,2bbl,gas,43.0,70.0,5400,8916.5,3.109999895095825,1,94.5
46,std,3.0299999713897705,sedan,52.0,155.89999389648438,isuzu D-Max V-Cross,63.599998474121094,38.0,9.600000381469727,1909.0,four,four,fwd,front,90.0,ohc,2bbl,gas,43.0,70.0,5400,8916.5,3.109999895095825,0,94.5
47,std,3.430000066757202,hatchback,51.400001525878906,172.60000610351562,isuzu D-Max ,65.19999694824219,24.0,9.199999809265137,2734.0,four,two,rwd,front,119.0,ohc,spfi,gas,29.0,90.0,5000,11048.0,3.2300000190734863,2,96.0
48,std,3.630000114440918,sedan,52.79999923706055,199.60000610351562,jaguar xj,69.5999984741211,15.0,8.100000381469727,4066.0,six,four,rwd,front,258.0,dohc,mpfi,gas,19.0,176.0,4750,32250.0,4.170000076293945,0,113.0
49,std,3.630000114440918,sedan,52.79999923706055,199.60000610351562,jaguar xf,69.5999984741211,15.0,8.100000381469727,4066.0,six,four,rwd,front,258.0,dohc,mpfi,gas,19.0,176.0,4750,35550.0,4.170000076293945,0,113.0
50,std,3.5399999618530273,sedan,47.79999923706055,191.6999969482422,jaguar xk,70.5999984741211,13.0,11.5,3950.0,twelve,two,rwd,front,326.0,ohcv,mpfi,gas,17.0,262.0,5000,36000.0,2.759999990463257,0,102.0
51,std,3.0299999713897705,hatchback,54.099998474121094,159.10000610351562,maxda rx3,64.19999694824219,30.0,9.0,1890.0,four,two,fwd,front,91.0,ohc,2bbl,gas,31.0,68.0,5000,5195.0,3.1500000953674316,1,93.0999984741211
52,std,3.0299999713897705,hatchback,54.099998474121094,159.10000610351562,maxda glc deluxe,64.19999694824219,31.0,9.0,1900.0,four,two,fwd,front,91.0,ohc,2bbl,gas,38.0,68.0,5000,6095.0,3.1500000953674316,1,93.0999984741211
53,std,3.0299999713897705,hatchback,54.099998474121094,159.10000610351562,mazda rx2 coupe,64.19999694824219,31.0,9.0,1905.0,four,two,fwd,front,91.0,ohc,2bbl,gas,38.0,68.0,5000,6795.0,3.1500000953674316,1,93.0999984741211
54,std,3.0299999713897705,sedan,54.099998474121094,166.8000030517578,mazda rx-4,64.19999694824219,31.0,9.0,1945.0,four,four,fwd,front,91.0,ohc,2bbl,gas,38.0,68.0,5000,6695.0,3.1500000953674316,1,93.0999984741211
55,std,3.0799999237060547,sedan,54.099998474121094,166.8000030517578,mazda glc deluxe,64.19999694824219,31.0,9.0,1950.0,four,four,fwd,front,91.0,ohc,2bbl,gas,38.0,68.0,5000,7395.0,3.1500000953674316,1,93.0999984741211
56,std,3.3299999237060547,hatchback,49.599998474121094,169.0,mazda 626,65.69999694824219,17.0,9.399999618530273,2380.0,two,two,rwd,front,70.0,rotor,4bbl,gas,23.0,101.0,6000,10945.0,3.255000114440918,3,95.30000305175781
57,std,3.3299999237060547,hatchback,49.599998474121094,169.0,mazda glc,65.69999694824219,17.0,9.399999618530273,2380.0,two,two,rwd,front,70.0,rotor,4bbl,gas,23.0,101.0,6000,11845.0,3.255000114440918,3,95.30000305175781
58,std,3.3299999237060547,hatchback,49.599998474121094,169.0,mazda rx-7 gs,65.69999694824219,17.0,9.399999618530273,2385.0,two,two,rwd,front,70.0,rotor,4bbl,gas,23.0,101.0,6000,13645.0,3.255000114440918,3,95.30000305175781
59,std,3.3299999237060547,hatchback,49.599998474121094,169.0,mazda glc 4,65.69999694824219,16.0,9.399999618530273,2500.0,two,two,rwd,front,80.0,rotor,mpfi,gas,23.0,135.0,6000,15645.0,3.255000114440918,3,95.30000305175781
60,std,3.390000104904175,hatchback,53.70000076293945,177.8000030517578,mazda 626,66.5,26.0,8.600000381469727,2385.0,four,two,fwd,front,122.0,ohc,2bbl,gas,32.0,84.0,4800,8845.0,3.390000104904175,1,98.80000305175781
61,std,3.390000104904175,sedan,55.5,177.8000030517578,mazda glc custom l,66.5,26.0,8.600000381469727,2410.0,four,four,fwd,front,122.0,ohc,2bbl,gas,32.0,84.0,4800,8495.0,3.390000104904175,0,98.80000305175781
62,std,3.390000104904175,hatchback,53.70000076293945,177.8000030517578,mazda glc custom,66.5,26.0,8.600000381469727,2385.0,four,two,fwd,front,122.0,ohc,2bbl,gas,32.0,84.0,4800,10595.0,3.390000104904175,1,98.80000305175781
63,std,3.390000104904175,sedan,55.5,177.8000030517578,mazda rx-4,66.5,26.0,8.600000381469727,2410.0,four,four,fwd,front,122.0,ohc,2bbl,gas,32.0,84.0,4800,10245.0,3.390000104904175,0,98.80000305175781
64,std,3.390000104904175,sedan,55.5,177.8000030517578,mazda glc deluxe,66.5,36.0,22.700000762939453,2443.0,four,four,fwd,front,122.0,ohc,idi,diesel,42.0,64.0,4650,10795.0,3.390000104904175,0,98.80000305175781
65,std,3.390000104904175,hatchback,55.5,177.8000030517578,mazda 626,66.5,26.0,8.600000381469727,2425.0,four,four,fwd,front,122.0,ohc,2bbl,gas,32.0,84.0,4800,11245.0,3.390000104904175,0,98.80000305175781
66,std,3.759999990463257,sedan,54.400001525878906,175.0,mazda glc,66.0999984741211,19.0,8.0,2670.0,four,four,rwd,front,140.0,ohc,mpfi,gas,27.0,120.0,5000,18280.0,3.1600000858306885,0,104.9000015258789
67,std,3.430000066757202,sedan,54.400001525878906,175.0,mazda rx-7 gs,66.0999984741211,31.0,22.0,2700.0,four,four,rwd,front,134.0,ohc,idi,diesel,39.0,72.0,4200,18344.0,3.640000104904175,0,104.9000015258789
68,turbo,3.5799999237060547,sedan,56.5,190.89999389648438,buick electra 225 custom,70.30000305175781,22.0,21.5,3515.0,five,four,rwd,front,183.0,ohc,idi,diesel,25.0,123.0,4350,25552.0,3.640000104904175,-1,110.0
69,turbo,3.5799999237060547,wagon,58.70000076293945,190.89999389648438,buick century luxus (sw),70.30000305175781,22.0,21.5,3750.0,five,four,rwd,front,183.0,ohc,idi,diesel,25.0,123.0,4350,28248.0,3.640000104904175,-1,110.0
70,turbo,3.5799999237060547,hardtop,54.900001525878906,187.5,buick century,70.30000305175781,22.0,21.5,3495.0,five,two,rwd,front,183.0,ohc,idi,diesel,25.0,123.0,4350,28176.0,3.640000104904175,0,106.69999694824219
71,turbo,3.5799999237060547,sedan,56.29999923706055,202.60000610351562,buick skyhawk,71.69999694824219,22.0,21.5,3770.0,five,four,rwd,front,183.0,ohc,idi,diesel,25.0,123.0,4350,31600.0,3.640000104904175,-1,115.5999984741211
72,std,3.4600000381469727,sedan,56.5,202.60000610351562,buick opel isuzu deluxe,71.69999694824219,16.0,8.300000190734863,3740.0,eight,four,rwd,front,234.0,ohcv,mpfi,gas,18.0,155.0,4750,34184.0,3.0999999046325684,-1,115.5999984741211
73,std,3.4600000381469727,convertible,50.79999923706055,180.3000030517578,buick skylark,70.5,16.0,8.300000190734863,3685.0,eight,two,rwd,front,234.0,ohcv,mpfi,gas,18.0,155.0,4750,35056.0,3.0999999046325684,3,96.5999984741211
74,std,3.799999952316284,sedan,56.70000076293945,208.10000610351562,buick century special,71.69999694824219,14.0,8.0,3900.0,eight,four,rwd,front,308.0,ohcv,mpfi,gas,16.0,184.0,4500,40960.0,3.3499999046325684,0,120.9000015258789
75,std,3.799999952316284,hardtop,55.400001525878906,199.1999969482422,buick regal sport coupe (turbo),72.0,14.0,8.0,3715.0,eight,two,rwd,front,304.0,ohcv,mpfi,gas,16.0,184.0,4500,45400.0,3.3499999046325684,1,112.0
76,turbo,3.7799999713897705,hatchback,54.79999923706055,178.39999389648438,mercury cougar,68.0,19.0,8.0,2910.0,four,two,rwd,front,140.0,ohc,mpfi,gas,24.0,175.0,5000,16503.0,3.119999885559082,1,102.69999694824219
77,std,2.9700000286102295,hatchback,50.79999923706055,157.3000030517578,mitsubishi mirage,64.4000015258789,37.0,9.399999618530273,1918.0,four,two,fwd,front,92.0,ohc,2bbl,gas,41.0,68.0,5500,5389.0,3.2300000190734863,2,93.69999694824219
78,std,2.9700000286102295,hatchback,50.79999923706055,157.3000030517578,mitsubishi lancer,64.4000015258789,31.0,9.399999618530273,1944.0,four,two,fwd,front,92.0,ohc,2bbl,gas,38.0,68.0,5500,6189.0,3.2300000190734863,2,93.69999694824219
79,std,2.9700000286102295,hatchback,50.79999923706055,157.3000030517578,mitsubishi outlander,64.4000015258789,31.0,9.399999618530273,2004.0,four,two,fwd,front,92.0,ohc,2bbl,gas,38.0,68.0,5500,6669.0,3.2300000190734863,2,93.69999694824219
80,turbo,3.0299999713897705,hatchback,50.79999923706055,157.3000030517578,mitsubishi g4,63.79999923706055,24.0,7.599999904632568,2145.0,four,two,fwd,front,98.0,ohc,spdi,gas,30.0,102.0,5500,7689.0,3.390000104904175,1,93.0
81,turbo,3.1700000762939453,hatchback,49.400001525878906,173.0,mitsubishi mirage g4,65.4000015258789,23.0,7.5,2370.0,four,two,fwd,front,110.0,ohc,spdi,gas,30.0,116.0,5500,9959.0,3.4600000381469727,3,96.30000305175781
82,std,3.3499999046325684,hatchback,49.400001525878906,173.0,mitsubishi g4,65.4000015258789,25.0,8.5,2328.0,four,two,fwd,front,122.0,ohc,2bbl,gas,32.0,88.0,5000,8499.0,3.4600000381469727,3,96.30000305175781
83,turbo,3.5799999237060547,hatchback,50.20000076293945,173.1999969482422,mitsubishi outlander,66.30000305175781,19.0,7.0,2833.0,four,two,fwd,front,156.0,ohc,spdi,gas,24.0,145.0,5000,12629.0,3.859999895095825,3,95.9000015258789
84,turbo,3.5899999141693115,hatchback,50.20000076293945,173.1999969482422,mitsubishi g4,66.30000305175781,19.0,7.0,2921.0,four,two,fwd,front,156.0,ohc,spdi,gas,24.0,145.0,5000,14869.0,3.859999895095825,3,95.9000015258789
85,turbo,3.5899999141693115,hatchback,50.20000076293945,173.1999969482422,mitsubishi mirage g4,66.30000305175781,19.0,7.0,2926.0,four,two,fwd,front,156.0,ohc,spdi,gas,24.0,145.0,5000,14489.0,3.859999895095825,3,95.9000015258789
86,std,3.3499999046325684,sedan,51.599998474121094,172.39999389648438,mitsubishi montero,65.4000015258789,25.0,8.5,2365.0,four,four,fwd,front,122.0,ohc,2bbl,gas,32.0,88.0,5000,6989.0,3.4600000381469727,1,96.30000305175781
87,std,3.3499999046325684,sedan,51.599998474121094,172.39999389648438,mitsubishi pajero,65.4000015258789,25.0,8.5,2405.0,four,four,fwd,front,122.0,ohc,2bbl,gas,32.0,88.0,5000,8189.0,3.4600000381469727,1,96.30000305175781
88,turbo,3.1700000762939453,sedan,51.599998474121094,172.39999389648438,mitsubishi outlander,65.4000015258789,23.0,7.5,2403.0,four,four,fwd,front,110.0,ohc,spdi,gas,30.0,116.0,5500,9279.0,3.4600000381469727,1,96.30000305175781
89,std,3.1700000762939453,sedan,51.599998474121094,172.39999389648438,mitsubishi mirage g4,65.4000015258789,23.0,7.5,2403.0,four,four,fwd,front,110.0,ohc,spdi,gas,30.0,116.0,5500,9279.0,3.4600000381469727,-1,96.30000305175781
90,std,3.1500000953674316,sedan,54.5,165.3000030517578,Nissan versa,63.79999923706055,31.0,9.399999618530273,1889.0,four,two,fwd,front,97.0,ohc,2bbl,gas,37.0,69.0,5200,5499.0,3.2899999618530273,1,94.5
91,std,2.990000009536743,sedan,54.5,165.3000030517578,nissan gt-r,63.79999923706055,45.0,21.899999618530273,2017.0,four,two,fwd,front,103.0,ohc,idi,diesel,50.0,55.0,4800,7099.0,3.4700000286102295,1,94.5
92,std,3.1500000953674316,sedan,54.5,165.3000030517578,nissan rogue,63.79999923706055,31.0,9.399999618530273,1918.0,four,two,fwd,front,97.0,ohc,2bbl,gas,37.0,69.0,5200,6649.0,3.2899999618530273,1,94.5
93,std,3.1500000953674316,sedan,54.5,165.3000030517578,nissan latio,63.79999923706055,31.0,9.399999618530273,1938.0,four,four,fwd,front,97.0,ohc,2bbl,gas,37.0,69.0,5200,6849.0,3.2899999618530273,1,94.5
94,std,3.1500000953674316,wagon,53.5,170.1999969482422,nissan titan,63.79999923706055,31.0,9.399999618530273,2024.0,four,four,fwd,front,97.0,ohc,2bbl,gas,37.0,69.0,5200,7349.0,3.2899999618530273,1,94.5
95,std,3.1500000953674316,sedan,54.5,165.3000030517578,nissan leaf,63.79999923706055,31.0,9.399999618530273,1951.0,four,two,fwd,front,97.0,ohc,2bbl,gas,37.0,69.0,5200,7299.0,3.2899999618530273,1,94.5
96,std,3.1500000953674316,hatchback,53.29999923706055,165.60000610351562,nissan juke,63.79999923706055,31.0,9.399999618530273,2028.0,four,two,fwd,front,97.0,ohc,2bbl,gas,37.0,69.0,5200,7799.0,3.2899999618530273,1,94.5
97,std,3.1500000953674316,sedan,54.5,165.3000030517578,nissan latio,63.79999923706055,31.0,9.399999618530273,1971.0,four,four,fwd,front,97.0,ohc,2bbl,gas,37.0,69.0,5200,7499.0,3.2899999618530273,1,94.5
98,std,3.1500000953674316,wagon,53.5,170.1999969482422,nissan note,63.79999923706055,31.0,9.399999618530273,2037.0,four,four,fwd,front,97.0,ohc,2bbl,gas,37.0,69.0,5200,7999.0,3.2899999618530273,1,94.5
99,std,3.1500000953674316,hardtop,53.29999923706055,162.39999389648438,nissan clipper,63.79999923706055,31.0,9.399999618530273,2008.0,four,two,fwd,front,97.0,ohc,2bbl,gas,37.0,69.0,5200,8249.0,3.2899999618530273,2,95.0999984741211
100,std,3.3299999237060547,hatchback,54.70000076293945,173.39999389648438,nissan rogue,65.19999694824219,27.0,8.5,2324.0,four,four,fwd,front,120.0,ohc,2bbl,gas,34.0,97.0,5200,8949.0,3.4700000286102295,0,97.19999694824219
101,std,3.3299999237060547,sedan,54.70000076293945,173.39999389648438,nissan nv200,65.19999694824219,27.0,8.5,2302.0,four,four,fwd,front,120.0,ohc,2bbl,gas,34.0,97.0,5200,9549.0,3.4700000286102295,0,97.19999694824219
102,std,3.430000066757202,sedan,55.099998474121094,181.6999969482422,nissan dayz,66.5,17.0,9.0,3095.0,six,four,fwd,front,181.0,ohcv,mpfi,gas,22.0,152.0,5200,13499.0,3.2699999809265137,0,100.4000015258789
103,std,3.430000066757202,wagon,56.099998474121094,184.60000610351562,nissan fuga,66.5,17.0,9.0,3296.0,six,four,fwd,front,181.0,ohcv,mpfi,gas,22.0,152.0,5200,14399.0,3.2699999809265137,0,100.4000015258789
104,std,3.430000066757202,sedan,55.099998474121094,184.60000610351562,nissan otti,66.5,19.0,9.0,3060.0,six,four,fwd,front,181.0,ohcv,mpfi,gas,25.0,152.0,5200,13499.0,3.2699999809265137,0,100.4000015258789
105,std,3.430000066757202,hatchback,49.70000076293945,170.6999969482422,nissan teana,67.9000015258789,19.0,9.0,3071.0,six,two,rwd,front,181.0,ohcv,mpfi,gas,25.0,160.0,5200,17199.0,3.2699999809265137,3,91.30000305175781
106,turbo,3.430000066757202,hatchback,49.70000076293945,170.6999969482422,nissan kicks,67.9000015258789,17.0,7.800000190734863,3139.0,six,two,rwd,front,181.0,ohcv,mpfi,gas,23.0,200.0,5200,19699.0,3.2699999809265137,3,91.30000305175781
107,std,3.430000066757202,hatchback,49.70000076293945,178.5,nissan clipper,67.9000015258789,19.0,9.0,3139.0,six,two,rwd,front,181.0,ohcv,mpfi,gas,25.0,160.0,5200,18399.0,3.2699999809265137,1,99.19999694824219
108,std,3.4600000381469727,sedan,56.70000076293945,186.6999969482422,peugeot 504,68.4000015258789,19.0,8.399999618530273,3020.0,four,four,rwd,front,120.0,l,mpfi,gas,24.0,97.0,5000,11900.0,3.190000057220459,0,107.9000015258789
109,turbo,3.700000047683716,sedan,56.70000076293945,186.6999969482422,peugeot 304,68.4000015258789,28.0,21.0,3197.0,four,four,rwd,front,152.0,l,idi,diesel,33.0,95.0,4150,13200.0,3.5199999809265137,0,107.9000015258789
110,std,3.4600000381469727,wagon,58.70000076293945,198.89999389648438,peugeot 504 (sw),68.4000015258789,19.0,8.399999618530273,3230.0,four,four,rwd,front,120.0,l,mpfi,gas,24.0,97.0,5000,12440.0,3.190000057220459,0,114.19999694824219
111,turbo,3.700000047683716,wagon,58.70000076293945,198.89999389648438,peugeot 504,68.4000015258789,25.0,21.0,3430.0,four,four,rwd,front,152.0,l,idi,diesel,25.0,95.0,4150,13860.0,3.5199999809265137,0,114.19999694824219
112,std,3.4600000381469727,sedan,56.70000076293945,186.6999969482422,peugeot 504,68.4000015258789,19.0,8.399999618530273,3075.0,four,four,rwd,front,120.0,l,mpfi,gas,24.0,95.0,5000,15580.0,2.190000057220459,0,107.9000015258789
113,turbo,3.700000047683716,sedan,56.70000076293945,186.6999969482422,peugeot 604sl,68.4000015258789,28.0,21.0,3252.0,four,four,rwd,front,152.0,l,idi,diesel,33.0,95.0,4150,16900.0,3.5199999809265137,0,107.9000015258789
114,std,3.4600000381469727,wagon,56.70000076293945,198.89999389648438,peugeot 504,68.4000015258789,19.0,8.399999618530273,3285.0,four,four,rwd,front,120.0,l,mpfi,gas,24.0,95.0,5000,16695.0,2.190000057220459,0,114.19999694824219
115,turbo,3.700000047683716,wagon,58.70000076293945,198.89999389648438,peugeot 505s turbo diesel,68.4000015258789,25.0,21.0,3485.0,four,four,rwd,front,152.0,l,idi,diesel,25.0,95.0,4150,17075.0,3.5199999809265137,0,114.19999694824219
116,std,3.4600000381469727,sedan,56.70000076293945,186.6999969482422,peugeot 504,68.4000015258789,19.0,8.399999618530273,3075.0,four,four,rwd,front,120.0,l,mpfi,gas,24.0,97.0,5000,16630.0,3.190000057220459,0,107.9000015258789
117,turbo,3.700000047683716,sedan,56.70000076293945,186.6999969482422,peugeot 504,68.4000015258789,28.0,21.0,3252.0,four,four,rwd,front,152.0,l,idi,diesel,33.0,95.0,4150,17950.0,3.5199999809265137,0,107.9000015258789
118,turbo,3.609999895095825,sedan,56.0,186.6999969482422,peugeot 604sl,68.30000305175781,18.0,7.0,3130.0,four,four,rwd,front,134.0,l,mpfi,gas,24.0,142.0,5600,18150.0,3.2100000381469727,0,108.0
119,std,2.9700000286102295,hatchback,50.79999923706055,157.3000030517578,plymouth fury iii,63.79999923706055,37.0,9.399999618530273,1918.0,four,two,fwd,front,90.0,ohc,2bbl,gas,41.0,68.0,5500,5572.0,3.2300000190734863,1,93.69999694824219
120,turbo,3.0299999713897705,hatchback,50.79999923706055,157.3000030517578,plymouth cricket,63.79999923706055,24.0,7.599999904632568,2128.0,four,two,fwd,front,98.0,ohc,spdi,gas,30.0,102.0,5500,7957.0,3.390000104904175,1,93.69999694824219
121,std,2.9700000286102295,hatchback,50.599998474121094,157.3000030517578,plymouth fury iii,63.79999923706055,31.0,9.399999618530273,1967.0,four,four,fwd,front,90.0,ohc,2bbl,gas,38.0,68.0,5500,6229.0,3.2300000190734863,1,93.69999694824219
122,std,2.9700000286102295,sedan,50.79999923706055,167.3000030517578,plymouth satellite custom (sw),63.79999923706055,31.0,9.399999618530273,1989.0,four,four,fwd,front,90.0,ohc,2bbl,gas,38.0,68.0,5500,6692.0,3.2300000190734863,1,93.69999694824219
123,std,2.9700000286102295,sedan,50.79999923706055,167.3000030517578,plymouth fury gran sedan,63.79999923706055,31.0,9.399999618530273,2191.0,four,four,fwd,front,98.0,ohc,2bbl,gas,38.0,68.0,5500,7609.0,3.2300000190734863,1,93.69999694824219
124,std,3.3499999046325684,wagon,59.79999923706055,174.60000610351562,plymouth valiant,64.5999984741211,24.0,8.5,2535.0,four,four,fwd,front,122.0,ohc,2bbl,gas,30.0,88.0,5000,8921.0,3.4600000381469727,-1,103.30000305175781
125,turbo,3.5899999141693115,hatchback,50.20000076293945,173.1999969482422,plymouth duster,66.30000305175781,19.0,7.0,2818.0,four,two,rwd,front,156.0,ohc,spdi,gas,24.0,145.0,5000,12764.0,3.859999895095825,3,95.9000015258789
126,std,3.940000057220459,hatchback,50.20000076293945,168.89999389648438,porsche macan,68.30000305175781,19.0,9.5,2778.0,four,two,rwd,front,151.0,ohc,mpfi,gas,27.0,143.0,5500,22018.0,3.109999895095825,3,94.5
127,std,3.740000009536743,hardtop,51.599998474121094,168.89999389648438,porcshce panamera,65.0,17.0,9.5,2756.0,six,two,rwd,rear,194.0,ohcf,mpfi,gas,25.0,207.0,5900,32528.0,2.9000000953674316,3,89.5
128,std,3.740000009536743,hardtop,51.599998474121094,168.89999389648438,porsche cayenne,65.0,17.0,9.5,2756.0,six,two,rwd,rear,194.0,ohcf,mpfi,gas,25.0,207.0,5900,34028.0,2.9000000953674316,3,89.5
129,std,3.740000009536743,convertible,51.599998474121094,168.89999389648438,porsche boxter,65.0,17.0,9.5,2800.0,six,two,rwd,rear,194.0,ohcf,mpfi,gas,25.0,207.0,5900,37028.0,2.9000000953674316,3,89.5
130,std,3.940000057220459,hatchback,50.5,175.6999969482422,porsche cayenne,72.30000305175781,17.0,10.0,3366.0,eight,two,rwd,front,203.0,dohcv,mpfi,gas,28.0,288.0,5750,31400.5,3.109999895095825,1,98.4000015258789
131,std,3.4600000381469727,wagon,55.20000076293945,181.5,renault 12tl,66.5,23.0,8.699999809265137,2579.0,four,four,fwd,front,132.0,ohc,mpfi,gas,31.0,90.0,5100,9295.0,3.9000000953674316,0,96.0999984741211
132,std,3.4600000381469727,hatchback,50.5,176.8000030517578,renault 5 gtl,66.5999984741211,23.0,8.699999809265137,2460.0,four,two,fwd,front,132.0,ohc,mpfi,gas,31.0,90.0,5100,9895.0,3.9000000953674316,2,96.0999984741211
133,std,3.5399999618530273,hatchback,56.099998474121094,186.60000610351562,saab 99e,66.5,21.0,9.3100004196167,2658.0,four,two,fwd,front,121.0,ohc,mpfi,gas,28.0,110.0,5250,11850.0,3.069999933242798,3,99.0999984741211
134,std,3.5399999618530273,sedan,56.099998474121094,186.60000610351562,saab 99le,66.5,21.0,9.300000190734863,2695.0,four,four,fwd,front,121.0,ohc,mpfi,gas,28.0,110.0,5250,12170.0,3.069999933242798,2,99.0999984741211
135,std,2.5399999618530273,hatchback,56.099998474121094,186.60000610351562,saab 99le,66.5,21.0,9.300000190734863,2707.0,four,two,fwd,front,121.0,ohc,mpfi,gas,28.0,110.0,5250,15040.0,2.069999933242798,3,99.0999984741211
136,std,3.5399999618530273,sedan,56.099998474121094,186.60000610351562,saab 99gle,66.5,21.0,9.300000190734863,2758.0,four,four,fwd,front,121.0,ohc,mpfi,gas,28.0,110.0,5250,15510.0,3.069999933242798,2,99.0999984741211
137,turbo,3.5399999618530273,hatchback,56.099998474121094,186.60000610351562,saab 99gle,66.5,19.0,9.0,2808.0,four,two,fwd,front,121.0,dohc,mpfi,gas,26.0,160.0,5500,18150.0,3.069999933242798,3,99.0999984741211
138,turbo,3.5399999618530273,sedan,56.099998474121094,186.60000610351562,saab 99e,66.5,19.0,9.0,2847.0,four,four,fwd,front,121.0,dohc,mpfi,gas,26.0,160.0,5500,18620.0,3.069999933242798,2,99.0999984741211
139,std,3.619999885559082,hatchback,53.70000076293945,156.89999389648438,subaru,63.400001525878906,31.0,9.0,2050.0,four,two,fwd,front,97.0,ohcf,2bbl,gas,36.0,69.0,4900,5118.0,2.359999895095825,2,93.69999694824219
140,std,3.619999885559082,hatchback,53.70000076293945,157.89999389648438,subaru dl,63.599998474121094,26.0,8.699999809265137,2120.0,four,two,fwd,front,108.0,ohcf,2bbl,gas,31.0,73.0,4400,7053.0,2.640000104904175,2,93.69999694824219
141,std,3.619999885559082,hatchback,55.70000076293945,157.3000030517578,subaru dl,63.79999923706055,26.0,8.699999809265137,2240.0,four,two,4wd,front,108.0,ohcf,2bbl,gas,31.0,73.0,4400,7603.0,2.640000104904175,2,93.30000305175781
142,std,3.619999885559082,sedan,52.5,172.0,subaru,65.4000015258789,32.0,9.5,2145.0,four,four,fwd,front,108.0,ohcf,2bbl,gas,37.0,82.0,4800,7126.0,2.640000104904175,0,97.19999694824219
143,std,3.619999885559082,sedan,52.5,172.0,subaru brz,65.4000015258789,28.0,9.5,2190.0,four,four,fwd,front,108.0,ohcf,2bbl,gas,33.0,82.0,4400,7775.0,2.640000104904175,0,97.19999694824219
144,std,3.619999885559082,sedan,52.5,172.0,subaru baja,65.4000015258789,26.0,9.0,2340.0,four,four,fwd,front,108.0,ohcf,mpfi,gas,32.0,94.0,5200,9960.0,2.640000104904175,0,97.19999694824219
145,std,3.619999885559082,sedan,54.29999923706055,172.0,subaru r1,65.4000015258789,24.0,9.0,2385.0,four,four,4wd,front,108.0,ohcf,2bbl,gas,25.0,82.0,4800,9233.0,2.640000104904175,0,97.0
146,turbo,3.619999885559082,sedan,54.29999923706055,172.0,subaru r2,65.4000015258789,24.0,7.699999809265137,2510.0,four,four,4wd,front,108.0,ohcf,mpfi,gas,29.0,111.0,4800,11259.0,2.640000104904175,0,97.0
147,std,3.619999885559082,wagon,53.0,173.5,subaru trezia,65.4000015258789,28.0,9.0,2290.0,four,four,fwd,front,108.0,ohcf,2bbl,gas,32.0,82.0,4800,7463.0,2.640000104904175,0,97.0
148,std,3.619999885559082,wagon,53.0,173.5,subaru tribeca,65.4000015258789,25.0,9.0,2455.0,four,four,fwd,front,108.0,ohcf,mpfi,gas,31.0,94.0,5200,10198.0,2.640000104904175,0,97.0
149,std,3.619999885559082,wagon,54.900001525878906,173.60000610351562,subaru dl,65.4000015258789,23.0,9.0,2420.0,four,four,4wd,front,108.0,ohcf,2bbl,gas,29.0,82.0,4800,8013.0,2.640000104904175,0,96.9000015258789
150,turbo,3.619999885559082,wagon,54.900001525878906,173.60000610351562,subaru dl,65.4000015258789,23.0,7.699999809265137,2650.0,four,four,4wd,front,108.0,ohcf,mpfi,gas,23.0,111.0,4800,11694.0,2.640000104904175,0,96.9000015258789
151,std,3.049999952316284,hatchback,54.5,158.6999969482422,toyota corona mark ii,63.599998474121094,35.0,9.0,1985.0,four,two,fwd,front,92.0,ohc,2bbl,gas,39.0,62.0,4800,5348.0,3.0299999713897705,1,95.69999694824219
152,std,3.049999952316284,hatchback,54.5,158.6999969482422,toyota corona,63.599998474121094,31.0,9.0,2040.0,four,two,fwd,front,92.0,ohc,2bbl,gas,38.0,62.0,4800,6338.0,3.0299999713897705,1,95.69999694824219
153,std,3.049999952316284,hatchback,54.5,158.6999969482422,toyota corolla 1200,63.599998474121094,31.0,9.0,2015.0,four,four,fwd,front,92.0,ohc,2bbl,gas,38.0,62.0,4800,6488.0,3.0299999713897705,1,95.69999694824219
154,std,3.049999952316284,wagon,59.099998474121094,169.6999969482422,toyota corona hardtop,63.599998474121094,31.0,9.0,2280.0,four,four,fwd,front,92.0,ohc,2bbl,gas,37.0,62.0,4800,6918.0,3.0299999713897705,0,95.69999694824219
155,std,3.049999952316284,wagon,59.099998474121094,169.6999969482422,toyota corolla 1600 (sw),63.599998474121094,27.0,9.0,2290.0,four,four,4wd,front,92.0,ohc,2bbl,gas,32.0,62.0,4800,7898.0,3.0299999713897705,0,95.69999694824219
156,std,3.049999952316284,wagon,59.099998474121094,169.6999969482422,toyota carina,63.599998474121094,27.0,9.0,3110.0,four,four,4wd,front,92.0,ohc,2bbl,gas,32.0,62.0,4800,8778.0,3.0299999713897705,0,95.69999694824219
157,std,3.190000057220459,sedan,53.0,166.3000030517578,toyota mark ii,64.4000015258789,30.0,9.0,2081.0,four,four,fwd,front,98.0,ohc,2bbl,gas,37.0,70.0,4800,6938.0,3.0299999713897705,0,95.69999694824219
158,std,3.190000057220459,hatchback,52.79999923706055,166.3000030517578,toyota corolla 1200,64.4000015258789,30.0,9.0,2109.0,four,four,fwd,front,98.0,ohc,2bbl,gas,37.0,70.0,4800,7198.0,3.0299999713897705,0,95.69999694824219
159,std,3.2699999809265137,sedan,53.0,166.3000030517578,toyota corona,64.4000015258789,34.0,22.5,2275.0,four,four,fwd,front,110.0,ohc,idi,diesel,36.0,56.0,4500,7898.0,3.3499999046325684,0,95.69999694824219
160,std,3.2699999809265137,hatchback,52.79999923706055,166.3000030517578,toyota corolla,64.4000015258789,38.0,22.5,2275.0,four,four,fwd,front,110.0,ohc,idi,diesel,47.0,56.0,4500,7788.0,3.3499999046325684,0,95.69999694824219
161,std,3.190000057220459,sedan,53.0,166.3000030517578,toyota corona,64.4000015258789,38.0,9.0,2094.0,four,four,fwd,front,98.0,ohc,2bbl,gas,47.0,70.0,4800,7738.0,3.0299999713897705,0,95.69999694824219
162,std,3.190000057220459,hatchback,52.79999923706055,166.3000030517578,toyota corolla,64.4000015258789,28.0,9.0,2122.0,four,four,fwd,front,98.0,ohc,2bbl,gas,34.0,70.0,4800,8358.0,3.0299999713897705,0,95.69999694824219
163,std,3.190000057220459,sedan,52.79999923706055,166.3000030517578,toyota mark ii,64.4000015258789,28.0,9.0,2140.0,four,four,fwd,front,98.0,ohc,2bbl,gas,34.0,70.0,4800,9258.0,3.0299999713897705,0,95.69999694824219
164,std,3.190000057220459,sedan,52.599998474121094,168.6999969482422,toyota corolla liftback,64.0,29.0,9.0,2169.0,four,two,rwd,front,98.0,ohc,2bbl,gas,34.0,70.0,4800,8058.0,3.0299999713897705,1,94.5
165,std,3.190000057220459,hatchback,52.599998474121094,168.6999969482422,toyota corona,64.0,29.0,9.0,2204.0,four,two,rwd,front,98.0,ohc,2bbl,gas,34.0,70.0,4800,8238.0,3.0299999713897705,1,94.5
166,std,3.240000009536743,sedan,52.599998474121094,168.6999969482422,toyota celica gt liftback,64.0,26.0,9.399999618530273,2265.0,four,two,rwd,front,98.0,dohc,mpfi,gas,29.0,112.0,6600,9298.0,3.0799999237060547,1,94.5
167,std,3.240000009536743,hatchback,52.599998474121094,168.6999969482422,toyota corolla tercel,64.0,26.0,9.399999618530273,2300.0,four,two,rwd,front,98.0,dohc,mpfi,gas,29.0,112.0,6600,9538.0,3.0799999237060547,1,94.5
168,std,3.619999885559082,hardtop,52.0,176.1999969482422,toyota corona liftback,65.5999984741211,24.0,9.300000190734863,2540.0,four,two,rwd,front,146.0,ohc,mpfi,gas,30.0,116.0,4800,8449.0,3.5,2,98.4000015258789
169,std,3.619999885559082,hardtop,52.0,176.1999969482422,toyota corolla,65.5999984741211,24.0,9.300000190734863,2536.0,four,two,rwd,front,146.0,ohc,mpfi,gas,30.0,116.0,4800,9639.0,3.5,2,98.4000015258789
170,std,3.619999885559082,hatchback,52.0,176.1999969482422,toyota starlet,65.5999984741211,24.0,9.300000190734863,2551.0,four,two,rwd,front,146.0,ohc,mpfi,gas,30.0,116.0,4800,9989.0,3.5,2,98.4000015258789
171,std,3.619999885559082,hardtop,52.0,176.1999969482422,toyota tercel,65.5999984741211,24.0,9.300000190734863,2679.0,four,two,rwd,front,146.0,ohc,mpfi,gas,30.0,116.0,4800,11199.0,3.5,2,98.4000015258789
172,std,3.619999885559082,hatchback,52.0,176.1999969482422,toyota corolla,65.5999984741211,24.0,9.300000190734863,2714.0,four,two,rwd,front,146.0,ohc,mpfi,gas,30.0,116.0,4800,11549.0,3.5,2,98.4000015258789
173,std,3.619999885559082,convertible,53.0,176.1999969482422,toyota cressida,65.5999984741211,24.0,9.300000190734863,2975.0,four,two,rwd,front,146.0,ohc,mpfi,gas,30.0,116.0,4800,17669.0,3.5,2,98.4000015258789
174,std,3.309999942779541,sedan,54.900001525878906,175.60000610351562,toyota corolla,66.5,29.0,8.699999809265137,2326.0,four,four,fwd,front,122.0,ohc,mpfi,gas,34.0,92.0,4200,8948.0,3.5399999618530273,-1,102.4000015258789
175,turbo,3.2699999809265137,sedan,54.900001525878906,175.60000610351562,toyota celica gt,66.5,30.0,22.5,2480.0,four,four,fwd,front,110.0,ohc,idi,diesel,33.0,73.0,4500,10698.0,3.3499999046325684,-1,102.4000015258789
176,std,3.309999942779541,hatchback,53.900001525878906,175.60000610351562,toyota corona,66.5,27.0,8.699999809265137,2414.0,four,four,fwd,front,122.0,ohc,mpfi,gas,32.0,92.0,4200,9988.0,3.5399999618530273,-1,102.4000015258789
177,std,3.309999942779541,sedan,54.900001525878906,175.60000610351562,toyota corolla,66.5,27.0,8.699999809265137,2414.0,four,four,fwd,front,122.0,ohc,mpfi,gas,32.0,92.0,4200,10898.0,3.5399999618530273,-1,102.4000015258789
178,std,3.309999942779541,hatchback,53.900001525878906,175.60000610351562,toyota mark ii,66.5,27.0,8.699999809265137,2458.0,four,four,fwd,front,122.0,ohc,mpfi,gas,32.0,92.0,4200,11248.0,3.5399999618530273,-1,102.4000015258789
179,std,3.2699999809265137,hatchback,52.0,183.5,toyota corolla liftback,67.69999694824219,20.0,9.300000190734863,2976.0,six,two,rwd,front,171.0,dohc,mpfi,gas,24.0,161.0,5200,16558.0,3.3499999046325684,3,102.9000015258789
180,std,3.2699999809265137,hatchback,52.0,183.5,toyota corona,67.69999694824219,19.0,9.300000190734863,3016.0,six,two,rwd,front,171.0,dohc,mpfi,gas,24.0,161.0,5200,15998.0,3.3499999046325684,3,102.9000015258789
181,std,3.2699999809265137,sedan,54.099998474121094,187.8000030517578,toyota starlet,66.5,20.0,9.199999809265137,3131.0,six,four,rwd,front,171.0,dohc,mpfi,gas,24.0,156.0,5200,15690.0,3.3499999046325684,-1,104.5
182,std,3.2699999809265137,wagon,54.099998474121094,187.8000030517578,toyouta tercel,66.5,19.0,9.199999809265137,3151.0,six,four,rwd,front,161.0,dohc,mpfi,gas,24.0,156.0,5200,15750.0,3.3499999046325684,-1,104.5
183,std,3.009999990463257,sedan,55.70000076293945,171.6999969482422,vokswagen rabbit,65.5,37.0,23.0,2261.0,four,two,fwd,front,97.0,ohc,idi,diesel,46.0,52.0,4800,7775.0,3.4000000953674316,2,97.30000305175781
184,std,3.190000057220459,sedan,55.70000076293945,171.6999969482422,volkswagen 1131 deluxe sedan,65.5,27.0,9.0,2209.0,four,two,fwd,front,109.0,ohc,mpfi,gas,34.0,85.0,5250,7975.0,3.4000000953674316,2,97.30000305175781
185,std,3.009999990463257,sedan,55.70000076293945,171.6999969482422,volkswagen model 111,65.5,37.0,23.0,2264.0,four,four,fwd,front,97.0,ohc,idi,diesel,46.0,52.0,4800,7995.0,3.4000000953674316,2,97.30000305175781
186,std,3.190000057220459,sedan,55.70000076293945,171.6999969482422,volkswagen type 3,65.5,27.0,9.0,2212.0,four,four,fwd,front,109.0,ohc,mpfi,gas,34.0,85.0,5250,8195.0,3.4000000953674316,2,97.30000305175781
187,std,3.190000057220459,sedan,55.70000076293945,171.6999969482422,volkswagen 411 (sw),65.5,27.0,9.0,2275.0,four,four,fwd,front,109.0,ohc,mpfi,gas,34.0,85.0,5250,8495.0,3.4000000953674316,2,97.30000305175781
188,turbo,3.009999990463257,sedan,55.70000076293945,171.6999969482422,volkswagen super beetle,65.5,37.0,23.0,2319.0,four,four,fwd,front,97.0,ohc,idi,diesel,42.0,68.0,4500,9495.0,3.4000000953674316,2,97.30000305175781
189,std,3.190000057220459,sedan,55.70000076293945,171.6999969482422,volkswagen dasher,65.5,26.0,10.0,2300.0,four,four,fwd,front,109.0,ohc,mpfi,gas,32.0,100.0,5500,9995.0,3.4000000953674316,2,97.30000305175781
190,std,3.190000057220459,convertible,55.599998474121094,159.3000030517578,vw dasher,64.19999694824219,24.0,8.5,2254.0,four,two,fwd,front,109.0,ohc,mpfi,gas,29.0,90.0,5500,11595.0,3.4000000953674316,3,94.5
191,std,3.190000057220459,hatchback,51.400001525878906,165.6999969482422,vw rabbit,64.0,24.0,8.5,2221.0,four,two,fwd,front,109.0,ohc,mpfi,gas,29.0,90.0,5500,9980.0,3.4000000953674316,3,94.5
192,std,3.190000057220459,sedan,55.099998474121094,180.1999969482422,volkswagen rabbit,66.9000015258789,19.0,8.5,2661.0,five,four,fwd,front,136.0,ohc,mpfi,gas,24.0,110.0,5500,13295.0,3.4000000953674316,0,100.4000015258789
193,turbo,3.009999990463257,sedan,55.099998474121094,180.1999969482422,volkswagen rabbit custom,66.9000015258789,33.0,23.0,2579.0,four,four,fwd,front,97.0,ohc,idi,diesel,38.0,68.0,4500,13845.0,3.4000000953674316,0,100.4000015258789
194,std,3.190000057220459,wagon,55.099998474121094,183.10000610351562,volkswagen dasher,66.9000015258789,25.0,9.0,2563.0,four,four,fwd,front,109.0,ohc,mpfi,gas,31.0,88.0,5500,12290.0,3.4000000953674316,0,100.4000015258789
195,std,3.7799999713897705,sedan,56.20000076293945,188.8000030517578,volvo 145e (sw),67.19999694824219,23.0,9.5,2912.0,four,four,rwd,front,141.0,ohc,mpfi,gas,28.0,114.0,5400,12940.0,3.1500000953674316,-2,104.30000305175781
196,std,3.7799999713897705,wagon,57.5,188.8000030517578,volvo 144ea,67.19999694824219,23.0,9.5,3034.0,four,four,rwd,front,141.0,ohc,mpfi,gas,28.0,114.0,5400,13415.0,3.1500000953674316,-1,104.30000305175781
197,std,3.7799999713897705,sedan,56.20000076293945,188.8000030517578,volvo 244dl,67.19999694824219,24.0,9.5,2935.0,four,four,rwd,front,141.0,ohc,mpfi,gas,28.0,114.0,5400,15985.0,3.1500000953674316,-2,104.30000305175781
198,std,3.7799999713897705,wagon,57.5,188.8000030517578,volvo 245,67.19999694824219,24.0,9.5,3042.0,four,four,rwd,front,141.0,ohc,mpfi,gas,28.0,114.0,5400,16515.0,3.1500000953674316,-1,104.30000305175781
199,turbo,3.619999885559082,sedan,56.20000076293945,188.8000030517578,volvo 264gl,67.19999694824219,17.0,7.5,3045.0,four,four,rwd,front,130.0,ohc,mpfi,gas,22.0,162.0,5100,18420.0,3.1500000953674316,-2,104.30000305175781
200,turbo,3.619999885559082,wagon,57.5,188.8000030517578,volvo diesel,67.19999694824219,17.0,7.5,3157.0,four,four,rwd,front,130.0,ohc,mpfi,gas,22.0,162.0,5100,18950.0,3.1500000953674316,-1,104.30000305175781
201,std,3.7799999713897705,sedan,55.5,188.8000030517578,volvo 145e (sw),68.9000015258789,23.0,9.5,2952.0,four,four,rwd,front,141.0,ohc,mpfi,gas,28.0,114.0,5400,16845.0,3.1500000953674316,-1,109.0999984741211
202,turbo,3.7799999713897705,sedan,55.5,188.8000030517578,volvo 144ea,68.80000305175781,19.0,8.699999809265137,3049.0,four,four,rwd,front,141.0,ohc,mpfi,gas,25.0,160.0,5300,19045.0,3.1500000953674316,-1,109.0999984741211
203,std,3.5799999237060547,sedan,55.5,188.8000030517578,volvo 244dl,68.9000015258789,18.0,8.800000190734863,3012.0,six,four,rwd,front,173.0,ohcv,mpfi,gas,23.0,134.0,5500,21485.0,2.869999885559082,-1,109.0999984741211
204,turbo,3.009999990463257,sedan,55.5,188.8000030517578,volvo 246,68.9000015258789,26.0,23.0,3217.0,six,four,rwd,front,145.0,ohc,idi,diesel,27.0,106.0,4800,22470.0,3.4000000953674316,-1,109.0999984741211
205,turbo,3.7799999713897705,sedan,55.5,188.8000030517578,volvo 264gl,68.9000015258789,19.0,9.5,3062.0,four,four,rwd,front,141.0,ohc,mpfi,gas,25.0,114.0,5400,22625.0,3.1500000953674316,-1,109.0999984741211
